PolicyID,Name,DOB,PolicyNumber,InsuranceType,IssueDate,ExpiryDate,PremiumAmount,AccountNumber,IFSCCode,GSTNumber,Details
INS-979307,Tanya Jensen,1960-09-18,5865220,Life,2022-06-02,2024-05-30,10903.07,KTXD74934076773018,IMHH07594,13INC6981Z9,"Tanya Jensen holds a Life insurance with policy number 5865220. It was issued on 2022-06-02 and is valid till 2024-05-30. The premium is ₹10903.07. IFSC: IMHH07594, GST: 13INC6981Z9."
INS-421815,Joel Smith,1969-09-20,9514377,Travel,2021-10-06,2025-12-25,36184.32,TDLX08182865773006,SOFX08324,48AND S2680Z2,"Joel Smith holds a Travel insurance with policy number 9514377. It was issued on 2021-10-06 and is valid till 2025-12-25. The premium is ₹36184.32. IFSC: SOFX08324, GST: 48AND S2680Z2."
INS-420543,Brian Black,1967-06-26,8255873,Vehicle,2023-11-25,2026-10-23,24049.5,EKSM40188764901246,DPPQ08052,28GROUP2771Z5,"Brian Black holds a Vehicle insurance with policy number 8255873. It was issued on 2023-11-25 and is valid till 2026-10-23. The premium is ₹24049.5. IFSC: DPPQ08052, GST: 28GROUP2771Z5."
INS-860286,Anne Baker,1960-06-28,4615752,Health,2024-05-11,2028-09-13,23682.42,JUER41566619365743,GUHU03134,39LLC4001Z4,"Anne Baker holds a Health insurance with policy number 4615752. It was issued on 2024-05-11 and is valid till 2028-09-13. The premium is ₹23682.42. IFSC: GUHU03134, GST: 39LLC4001Z4."
INS-799560,Michael Fleming,1969-12-13,9873752,Home,2025-05-25,2030-01-05,19020.16,HZYU72277982786778,ODKV04722,85LTD1951Z7,"Michael Fleming holds a Home insurance with policy number 9873752. It was issued on 2025-05-25 and is valid till 2030-01-05. The premium is ₹19020.16. IFSC: ODKV04722, GST: 85LTD1951Z7."
INS-850607,Justin Sanchez,1982-09-26,9758039,Vehicle,2022-08-06,2024-01-28,4984.36,OTZO54951477608777,TMLP03221,80PLC2770Z7,"Justin Sanchez holds a Vehicle insurance with policy number 9758039. It was issued on 2022-08-06 and is valid till 2024-01-28. The premium is ₹4984.36. IFSC: TMLP03221, GST: 80PLC2770Z7."
INS-727286,Karen Schultz,1959-05-21,8267912,Life,2025-04-03,2027-12-21,21431.03,NVGD55572763112867,AUQL06897,30GROUP3790Z1,"Karen Schultz holds a Life insurance with policy number 8267912. It was issued on 2025-04-03 and is valid till 2027-12-21. The premium is ₹21431.03. IFSC: AUQL06897, GST: 30GROUP3790Z1."
INS-850255,Richard Ellis,1987-12-26,7043751,Home,2023-02-26,2025-11-19,16124.49,YLFF46027933553576,QJTS06347,57GROUP7779Z6,"Richard Ellis holds a Home insurance with policy number 7043751. It was issued on 2023-02-26 and is valid till 2025-11-19. The premium is ₹16124.49. IFSC: QJTS06347, GST: 57GROUP7779Z6."
INS-537711,Keith Yates,1963-12-08,2144843,Health,2024-03-30,2028-11-07,28586.45,OBVA19072737354378,RHHS04209,61LLC9531Z1,"Keith Yates holds a Health insurance with policy number 2144843. It was issued on 2024-03-30 and is valid till 2028-11-07. The premium is ₹28586.45. IFSC: RHHS04209, GST: 61LLC9531Z1."
INS-188224,Jill Browning,1990-05-05,8361821,Home,2024-05-21,2028-04-14,42037.63,ZIDS08109878342045,GOIH08161,68LTD7155Z4,"Jill Browning holds a Home insurance with policy number 8361821. It was issued on 2024-05-21 and is valid till 2028-04-14. The premium is ₹42037.63. IFSC: GOIH08161, GST: 68LTD7155Z4."
INS-597775,Keith Arnold,1986-04-19,5446046,Life,2023-10-11,2028-08-15,3885.42,WGXQ72924128876104,BDYE05975,37AND S8125Z8,"Keith Arnold holds a Life insurance with policy number 5446046. It was issued on 2023-10-11 and is valid till 2028-08-15. The premium is ₹3885.42. IFSC: BDYE05975, GST: 37AND S8125Z8."
INS-974491,Christopher Lopez,1995-12-19,7986073,Life,2022-12-27,2025-03-11,40590.94,DMNL79136330160864,NKGF02402,17PLC8698Z8,"Christopher Lopez holds a Life insurance with policy number 7986073. It was issued on 2022-12-27 and is valid till 2025-03-11. The premium is ₹40590.94. IFSC: NKGF02402, GST: 17PLC8698Z8."
INS-322660,Parker Lopez,1970-02-06,3557818,Vehicle,2020-12-10,2022-05-21,39162.83,BJJV72569349801799,QYWE05496,53LLC8995Z9,"Parker Lopez holds a Vehicle insurance with policy number 3557818. It was issued on 2020-12-10 and is valid till 2022-05-21. The premium is ₹39162.83. IFSC: QYWE05496, GST: 53LLC8995Z9."
INS-368768,Mark Miller,1972-08-25,6141977,Health,2020-12-07,2024-12-08,31798.74,UHWJ52843828092913,OTFP03006,46AND S9584Z8,"Mark Miller holds a Health insurance with policy number 6141977. It was issued on 2020-12-07 and is valid till 2024-12-08. The premium is ₹31798.74. IFSC: OTFP03006, GST: 46AND S9584Z8."
INS-163944,Andrew Long,1969-11-02,7135883,Travel,2021-01-07,2023-09-17,34133.72,HUQC11932068762524,GJGN01540,94AND S7169Z7,"Andrew Long holds a Travel insurance with policy number 7135883. It was issued on 2021-01-07 and is valid till 2023-09-17. The premium is ₹34133.72. IFSC: GJGN01540, GST: 94AND S7169Z7."
INS-439267,Philip Daniels,1974-09-04,6133778,Vehicle,2021-08-03,2026-02-25,40745.55,ZRXJ91247396303285,INWU02180,60PLC4700Z4,"Philip Daniels holds a Vehicle insurance with policy number 6133778. It was issued on 2021-08-03 and is valid till 2026-02-25. The premium is ₹40745.55. IFSC: INWU02180, GST: 60PLC4700Z4."
INS-622429,Alex Murphy,1978-09-09,4642154,Travel,2022-09-05,2024-08-17,22819.99,LIML67423910087971,PGXS07672,27PLC7868Z3,"Alex Murphy holds a Travel insurance with policy number 4642154. It was issued on 2022-09-05 and is valid till 2024-08-17. The premium is ₹22819.99. IFSC: PGXS07672, GST: 27PLC7868Z3."
INS-639742,Angela Baker DDS,1988-07-29,3817965,Travel,2024-04-28,2026-01-31,38314.53,UZHA27965435903229,FEVZ09666,26LTD8380Z9,"Angela Baker DDS holds a Travel insurance with policy number 3817965. It was issued on 2024-04-28 and is valid till 2026-01-31. The premium is ₹38314.53. IFSC: FEVZ09666, GST: 26LTD8380Z9."
INS-719067,Luke Cox,1994-12-16,9530233,Life,2021-03-08,2024-06-13,40451.96,NGZF65314244655557,VTKU02242,34PLC8833Z5,"Luke Cox holds a Life insurance with policy number 9530233. It was issued on 2021-03-08 and is valid till 2024-06-13. The premium is ₹40451.96. IFSC: VTKU02242, GST: 34PLC8833Z5."
INS-818693,Anna Tucker,1985-04-29,8723698,Travel,2023-12-15,2027-09-22,6190.99,NBPV83298450276452,IDFO06653,35PLC3188Z3,"Anna Tucker holds a Travel insurance with policy number 8723698. It was issued on 2023-12-15 and is valid till 2027-09-22. The premium is ₹6190.99. IFSC: IDFO06653, GST: 35PLC3188Z3."
INS-990399,Brittany Castro,1961-03-23,4987380,Travel,2025-05-02,2029-05-09,4722.69,KXBD86906535358450,GTXN04089,43INC7499Z1,"Brittany Castro holds a Travel insurance with policy number 4987380. It was issued on 2025-05-02 and is valid till 2029-05-09. The premium is ₹4722.69. IFSC: GTXN04089, GST: 43INC7499Z1."
INS-191038,Adam Collier,1978-04-29,8886347,Health,2023-06-03,2027-01-25,9247.18,WEPC03747586625157,BAVD04586,42INC2003Z1,"Adam Collier holds a Health insurance with policy number 8886347. It was issued on 2023-06-03 and is valid till 2027-01-25. The premium is ₹9247.18. IFSC: BAVD04586, GST: 42INC2003Z1."
INS-734218,James Davis,1990-06-16,9143721,Home,2021-10-10,2023-03-25,4285.42,KOUN24343534721718,VJRE05043,87AND S9749Z3,"James Davis holds a Home insurance with policy number 9143721. It was issued on 2021-10-10 and is valid till 2023-03-25. The premium is ₹4285.42. IFSC: VJRE05043, GST: 87AND S9749Z3."
INS-676348,Holly Montoya,1971-03-16,6193741,Home,2025-02-16,2029-11-18,32964.56,UREM94328063891885,LGYQ06280,13PLC6318Z8,"Holly Montoya holds a Home insurance with policy number 6193741. It was issued on 2025-02-16 and is valid till 2029-11-18. The premium is ₹32964.56. IFSC: LGYQ06280, GST: 13PLC6318Z8."
INS-994628,Melissa Rogers,1956-07-05,9345341,Health,2021-03-25,2023-06-14,25026.29,VQQG35489538645083,KJMQ07874,79AND S6321Z6,"Melissa Rogers holds a Health insurance with policy number 9345341. It was issued on 2021-03-25 and is valid till 2023-06-14. The premium is ₹25026.29. IFSC: KJMQ07874, GST: 79AND S6321Z6."
INS-919235,Jessica Harper,1968-02-19,9703339,Home,2022-07-24,2024-10-14,10423.07,GDMK95791631369209,HFHB06160,59INC9639Z6,"Jessica Harper holds a Home insurance with policy number 9703339. It was issued on 2022-07-24 and is valid till 2024-10-14. The premium is ₹10423.07. IFSC: HFHB06160, GST: 59INC9639Z6."
INS-709073,Christina Stephens,1996-11-13,2824592,Life,2022-12-15,2025-01-28,40028.48,ITVS32388101189524,UNVP08344,89PLC2736Z4,"Christina Stephens holds a Life insurance with policy number 2824592. It was issued on 2022-12-15 and is valid till 2025-01-28. The premium is ₹40028.48. IFSC: UNVP08344, GST: 89PLC2736Z4."
INS-208543,Timothy Wright,1995-03-21,3422977,Health,2024-12-20,2026-07-05,31887.2,YSDJ19223834073553,KCPS08429,73LLC7509Z2,"Timothy Wright holds a Health insurance with policy number 3422977. It was issued on 2024-12-20 and is valid till 2026-07-05. The premium is ₹31887.2. IFSC: KCPS08429, GST: 73LLC7509Z2."
INS-695958,Roger Rhodes,1984-04-17,9881897,Home,2025-06-16,2028-10-10,20914.56,ZDPS35097567938541,WDRT02019,86GROUP6449Z6,"Roger Rhodes holds a Home insurance with policy number 9881897. It was issued on 2025-06-16 and is valid till 2028-10-10. The premium is ₹20914.56. IFSC: WDRT02019, GST: 86GROUP6449Z6."
INS-908801,Jason Mcdonald,1961-07-30,2336222,Vehicle,2022-01-21,2023-08-05,7201.27,EBFA59766371767454,TUMH06684,52GROUP3626Z2,"Jason Mcdonald holds a Vehicle insurance with policy number 2336222. It was issued on 2022-01-21 and is valid till 2023-08-05. The premium is ₹7201.27. IFSC: TUMH06684, GST: 52GROUP3626Z2."
INS-132422,Jeffrey Morris,2006-10-14,5058435,Life,2023-04-18,2027-12-28,20015.17,EBTN23675035840498,MCSZ06417,85AND S6898Z4,"Jeffrey Morris holds a Life insurance with policy number 5058435. It was issued on 2023-04-18 and is valid till 2027-12-28. The premium is ₹20015.17. IFSC: MCSZ06417, GST: 85AND S6898Z4."
INS-292092,Thomas Brown,1957-07-28,6007193,Travel,2021-03-08,2023-01-12,21411.28,PWOQ84055021656061,POOC04320,17GROUP1937Z9,"Thomas Brown holds a Travel insurance with policy number 6007193. It was issued on 2021-03-08 and is valid till 2023-01-12. The premium is ₹21411.28. IFSC: POOC04320, GST: 17GROUP1937Z9."
INS-200216,Kimberly Stephens,1962-11-03,4503172,Health,2024-03-24,2027-10-27,43716.74,UPCH98605827519802,WNTX08698,29PLC2278Z2,"Kimberly Stephens holds a Health insurance with policy number 4503172. It was issued on 2024-03-24 and is valid till 2027-10-27. The premium is ₹43716.74. IFSC: WNTX08698, GST: 29PLC2278Z2."
INS-403984,Richard Tran,1959-11-10,9406944,Health,2024-03-26,2026-12-03,7825.49,NAUF75911115712187,URYN01760,93AND S5976Z5,"Richard Tran holds a Health insurance with policy number 9406944. It was issued on 2024-03-26 and is valid till 2026-12-03. The premium is ₹7825.49. IFSC: URYN01760, GST: 93AND S5976Z5."
INS-165929,Nichole Young,2006-10-05,1982397,Travel,2021-12-07,2025-03-29,36791.65,KRDH20042962246093,MPTZ01157,22AND S6276Z6,"Nichole Young holds a Travel insurance with policy number 1982397. It was issued on 2021-12-07 and is valid till 2025-03-29. The premium is ₹36791.65. IFSC: MPTZ01157, GST: 22AND S6276Z6."
INS-657102,Jennifer Mcclure,1999-12-20,9380095,Travel,2025-01-19,2028-03-21,46378.94,CWHI04853444625822,GJSM09786,76INC2286Z3,"Jennifer Mcclure holds a Travel insurance with policy number 9380095. It was issued on 2025-01-19 and is valid till 2028-03-21. The premium is ₹46378.94. IFSC: GJSM09786, GST: 76INC2286Z3."
INS-248246,Dawn Wood,1995-11-08,7831046,Life,2024-11-13,2029-02-23,43488.44,IJHN68847364877115,GHML09453,42LTD2689Z9,"Dawn Wood holds a Life insurance with policy number 7831046. It was issued on 2024-11-13 and is valid till 2029-02-23. The premium is ₹43488.44. IFSC: GHML09453, GST: 42LTD2689Z9."
INS-222092,Heather Taylor,1966-02-03,5308296,Home,2024-04-10,2028-06-30,42627.16,EBZI29328386305185,SNMZ02559,70GROUP5531Z7,"Heather Taylor holds a Home insurance with policy number 5308296. It was issued on 2024-04-10 and is valid till 2028-06-30. The premium is ₹42627.16. IFSC: SNMZ02559, GST: 70GROUP5531Z7."
INS-349494,Steven Wallace,1964-11-05,5559832,Vehicle,2023-03-17,2026-12-29,15308.74,CZTP82585020333041,MYMW02350,86LLC6012Z4,"Steven Wallace holds a Vehicle insurance with policy number 5559832. It was issued on 2023-03-17 and is valid till 2026-12-29. The premium is ₹15308.74. IFSC: MYMW02350, GST: 86LLC6012Z4."
INS-369335,Keith Hammond,2006-10-05,3090892,Home,2023-02-10,2027-04-22,45073.7,SICP47697751380736,YZEJ04109,40LLC2474Z9,"Keith Hammond holds a Home insurance with policy number 3090892. It was issued on 2023-02-10 and is valid till 2027-04-22. The premium is ₹45073.7. IFSC: YZEJ04109, GST: 40LLC2474Z9."
INS-988370,Holly Aguilar DDS,2000-01-15,4671463,Life,2022-09-18,2026-12-11,11318.17,PZNZ99199920657346,MWLD04416,27LLC9507Z2,"Holly Aguilar DDS holds a Life insurance with policy number 4671463. It was issued on 2022-09-18 and is valid till 2026-12-11. The premium is ₹11318.17. IFSC: MWLD04416, GST: 27LLC9507Z2."
INS-787559,Jim Johnson,1998-06-20,3658182,Travel,2021-01-13,2022-04-09,29047.52,SVXH55587309030832,VNHO05451,62AND S4585Z2,"Jim Johnson holds a Travel insurance with policy number 3658182. It was issued on 2021-01-13 and is valid till 2022-04-09. The premium is ₹29047.52. IFSC: VNHO05451, GST: 62AND S4585Z2."
INS-815063,Jeffrey Smith,2001-11-26,2719588,Home,2021-08-06,2025-11-14,3716.52,BPVR17405914343867,DUEI01103,95GROUP7265Z4,"Jeffrey Smith holds a Home insurance with policy number 2719588. It was issued on 2021-08-06 and is valid till 2025-11-14. The premium is ₹3716.52. IFSC: DUEI01103, GST: 95GROUP7265Z4."
INS-933864,William Porter,2000-02-18,2472949,Home,2023-10-25,2028-02-24,26101.69,OKBP90500126418728,TNHW08561,48LTD1393Z2,"William Porter holds a Home insurance with policy number 2472949. It was issued on 2023-10-25 and is valid till 2028-02-24. The premium is ₹26101.69. IFSC: TNHW08561, GST: 48LTD1393Z2."
INS-425088,Benjamin Diaz,1979-09-12,3481790,Health,2024-08-04,2028-10-04,44089.8,UKZH47782304063532,WSGS06943,18GROUP2869Z1,"Benjamin Diaz holds a Health insurance with policy number 3481790. It was issued on 2024-08-04 and is valid till 2028-10-04. The premium is ₹44089.8. IFSC: WSGS06943, GST: 18GROUP2869Z1."
INS-771472,David Hines,1999-02-15,7849338,Vehicle,2023-06-16,2025-11-15,46881.82,IQDM90254892272265,ABNR03590,99GROUP6866Z8,"David Hines holds a Vehicle insurance with policy number 7849338. It was issued on 2023-06-16 and is valid till 2025-11-15. The premium is ₹46881.82. IFSC: ABNR03590, GST: 99GROUP6866Z8."
INS-393206,Kevin Brown,1968-07-25,6576491,Home,2025-03-27,2028-03-20,10014.88,LRUE55327865478416,WZFI05066,21PLC5133Z5,"Kevin Brown holds a Home insurance with policy number 6576491. It was issued on 2025-03-27 and is valid till 2028-03-20. The premium is ₹10014.88. IFSC: WZFI05066, GST: 21PLC5133Z5."
INS-196769,Nicole Randall,1974-11-15,3370536,Travel,2024-04-15,2026-07-20,25077.44,VQPM00340491034034,FASG09567,70LLC8286Z4,"Nicole Randall holds a Travel insurance with policy number 3370536. It was issued on 2024-04-15 and is valid till 2026-07-20. The premium is ₹25077.44. IFSC: FASG09567, GST: 70LLC8286Z4."
INS-300796,Rebecca Garcia,1977-08-03,2864504,Health,2024-05-03,2028-09-23,32035.33,NBRG13119205395804,NNWJ01397,62PLC2607Z9,"Rebecca Garcia holds a Health insurance with policy number 2864504. It was issued on 2024-05-03 and is valid till 2028-09-23. The premium is ₹32035.33. IFSC: NNWJ01397, GST: 62PLC2607Z9."
INS-784720,Raymond Garcia,1956-10-09,7858111,Vehicle,2022-03-21,2025-04-12,3160.89,AZGI38768817482108,FBCX08468,97LTD9797Z9,"Raymond Garcia holds a Vehicle insurance with policy number 7858111. It was issued on 2022-03-21 and is valid till 2025-04-12. The premium is ₹3160.89. IFSC: FBCX08468, GST: 97LTD9797Z9."
INS-533657,Joseph Smith,1991-11-15,7343145,Travel,2024-11-07,2028-06-07,26251.83,LVLI95486045770078,QKPP03578,12AND S1884Z7,"Joseph Smith holds a Travel insurance with policy number 7343145. It was issued on 2024-11-07 and is valid till 2028-06-07. The premium is ₹26251.83. IFSC: QKPP03578, GST: 12AND S1884Z7."
INS-104218,Jason Richardson,1962-10-28,8076596,Life,2024-04-24,2029-02-06,3051.22,GWQF50903581863171,BXBK09720,13LTD6185Z3,"Jason Richardson holds a Life insurance with policy number 8076596. It was issued on 2024-04-24 and is valid till 2029-02-06. The premium is ₹3051.22. IFSC: BXBK09720, GST: 13LTD6185Z3."
INS-225421,Raymond Brown,1978-12-23,6979100,Health,2022-01-23,2026-12-17,12717.65,TBEO18869221962336,GTJW04188,86PLC9224Z6,"Raymond Brown holds a Health insurance with policy number 6979100. It was issued on 2022-01-23 and is valid till 2026-12-17. The premium is ₹12717.65. IFSC: GTJW04188, GST: 86PLC9224Z6."
INS-769472,Ethan Valentine,1962-11-23,3895209,Travel,2023-12-16,2027-11-29,8304.32,OLJH38516691507499,WDSZ06362,76AND S3906Z1,"Ethan Valentine holds a Travel insurance with policy number 3895209. It was issued on 2023-12-16 and is valid till 2027-11-29. The premium is ₹8304.32. IFSC: WDSZ06362, GST: 76AND S3906Z1."
INS-889915,Karen Anderson,1991-11-22,7569458,Home,2021-08-06,2023-07-08,35825.51,OPBH38807227311138,RRNF08083,93LLC4197Z3,"Karen Anderson holds a Home insurance with policy number 7569458. It was issued on 2021-08-06 and is valid till 2023-07-08. The premium is ₹35825.51. IFSC: RRNF08083, GST: 93LLC4197Z3."
INS-479922,Elizabeth Butler,1987-06-01,9013962,Life,2021-01-08,2024-05-06,32432.81,OGXL86905008542465,DZBO08701,66LLC5979Z4,"Elizabeth Butler holds a Life insurance with policy number 9013962. It was issued on 2021-01-08 and is valid till 2024-05-06. The premium is ₹32432.81. IFSC: DZBO08701, GST: 66LLC5979Z4."
INS-211667,James Sandoval,1965-04-27,8182275,Life,2022-05-26,2025-05-15,30002.28,REZW76466702572841,YHEQ03604,97LLC3629Z1,"James Sandoval holds a Life insurance with policy number 8182275. It was issued on 2022-05-26 and is valid till 2025-05-15. The premium is ₹30002.28. IFSC: YHEQ03604, GST: 97LLC3629Z1."
INS-721988,Matthew Coffey,2006-06-12,7760580,Health,2025-05-16,2026-07-18,10190.64,IXRY70183647438107,YTOG03906,72INC1453Z6,"Matthew Coffey holds a Health insurance with policy number 7760580. It was issued on 2025-05-16 and is valid till 2026-07-18. The premium is ₹10190.64. IFSC: YTOG03906, GST: 72INC1453Z6."
INS-791743,Austin Rodriguez,2004-06-14,6483947,Life,2021-02-18,2023-04-16,34317.41,RAXS73115436782959,KRJJ02287,56LTD8171Z4,"Austin Rodriguez holds a Life insurance with policy number 6483947. It was issued on 2021-02-18 and is valid till 2023-04-16. The premium is ₹34317.41. IFSC: KRJJ02287, GST: 56LTD8171Z4."
INS-306343,Sarah Kane,1970-05-19,9467359,Travel,2023-07-03,2025-05-11,46628.64,XPHN07150036147064,NVOJ06243,54AND S4988Z9,"Sarah Kane holds a Travel insurance with policy number 9467359. It was issued on 2023-07-03 and is valid till 2025-05-11. The premium is ₹46628.64. IFSC: NVOJ06243, GST: 54AND S4988Z9."
INS-116620,Jason Carr,2006-01-09,9743471,Health,2022-09-18,2027-03-23,49412.24,FQQK13742929425524,EBRW04767,96GROUP8853Z3,"Jason Carr holds a Health insurance with policy number 9743471. It was issued on 2022-09-18 and is valid till 2027-03-23. The premium is ₹49412.24. IFSC: EBRW04767, GST: 96GROUP8853Z3."
INS-602792,John Ray,1977-12-20,5678774,Life,2023-12-06,2025-03-18,17666.81,SQWE53016082993788,YCWO03752,28PLC9348Z8,"John Ray holds a Life insurance with policy number 5678774. It was issued on 2023-12-06 and is valid till 2025-03-18. The premium is ₹17666.81. IFSC: YCWO03752, GST: 28PLC9348Z8."
INS-241886,Michael Riley,1977-08-03,3575433,Vehicle,2020-07-19,2023-04-17,15413.46,XTMD73024057228632,PFSK07114,59PLC4762Z1,"Michael Riley holds a Vehicle insurance with policy number 3575433. It was issued on 2020-07-19 and is valid till 2023-04-17. The premium is ₹15413.46. IFSC: PFSK07114, GST: 59PLC4762Z1."
INS-611635,Joseph Murphy,1961-01-16,7370364,Vehicle,2021-08-24,2024-10-08,22634.81,HZUG90015308291186,PHDF06061,10INC8222Z3,"Joseph Murphy holds a Vehicle insurance with policy number 7370364. It was issued on 2021-08-24 and is valid till 2024-10-08. The premium is ₹22634.81. IFSC: PHDF06061, GST: 10INC8222Z3."
INS-509129,Brian Lucas,1985-11-27,7218304,Home,2025-03-23,2030-02-12,26185.11,BLOQ34414796385177,INQE08467,37LLC1088Z9,"Brian Lucas holds a Home insurance with policy number 7218304. It was issued on 2025-03-23 and is valid till 2030-02-12. The premium is ₹26185.11. IFSC: INQE08467, GST: 37LLC1088Z9."
INS-489483,Diamond Kelly,1993-05-26,6582664,Travel,2020-09-10,2022-01-10,20956.26,OHFC51543774199966,XQOX08803,95INC3690Z9,"Diamond Kelly holds a Travel insurance with policy number 6582664. It was issued on 2020-09-10 and is valid till 2022-01-10. The premium is ₹20956.26. IFSC: XQOX08803, GST: 95INC3690Z9."
INS-709601,Renee Richardson,1985-12-14,9259036,Travel,2021-10-04,2023-02-10,38675.29,WPEB67828586595151,IFJO01571,18LLC9551Z7,"Renee Richardson holds a Travel insurance with policy number 9259036. It was issued on 2021-10-04 and is valid till 2023-02-10. The premium is ₹38675.29. IFSC: IFJO01571, GST: 18LLC9551Z7."
INS-354937,Thomas Gonzalez,1971-09-14,6489384,Vehicle,2020-07-07,2024-06-24,14426.92,OOUB32536309554533,YWGL01133,96GROUP5483Z5,"Thomas Gonzalez holds a Vehicle insurance with policy number 6489384. It was issued on 2020-07-07 and is valid till 2024-06-24. The premium is ₹14426.92. IFSC: YWGL01133, GST: 96GROUP5483Z5."
INS-276840,David Moore,2006-07-11,3325607,Health,2025-06-07,2029-04-17,20117.73,CZBH75798756055040,LOJQ02290,41PLC9972Z1,"David Moore holds a Health insurance with policy number 3325607. It was issued on 2025-06-07 and is valid till 2029-04-17. The premium is ₹20117.73. IFSC: LOJQ02290, GST: 41PLC9972Z1."
INS-705696,Erin Andrade,2000-09-30,1812331,Vehicle,2023-04-28,2027-10-16,41946.48,PKCJ62698485463320,OGTC06602,52LTD4941Z7,"Erin Andrade holds a Vehicle insurance with policy number 1812331. It was issued on 2023-04-28 and is valid till 2027-10-16. The premium is ₹41946.48. IFSC: OGTC06602, GST: 52LTD4941Z7."
INS-786918,Kathleen Johnson,1988-02-02,9511573,Life,2022-05-04,2024-02-25,5533.37,QKCU02960791870035,YRRU08858,93GROUP8109Z3,"Kathleen Johnson holds a Life insurance with policy number 9511573. It was issued on 2022-05-04 and is valid till 2024-02-25. The premium is ₹5533.37. IFSC: YRRU08858, GST: 93GROUP8109Z3."
INS-339284,Mary Johnson,1995-11-25,6180950,Health,2021-06-16,2022-12-07,38066.63,KTNL38880491485487,KKXF06680,69PLC7862Z3,"Mary Johnson holds a Health insurance with policy number 6180950. It was issued on 2021-06-16 and is valid till 2022-12-07. The premium is ₹38066.63. IFSC: KKXF06680, GST: 69PLC7862Z3."
INS-864886,Deborah Hicks,1971-10-14,1001523,Vehicle,2025-02-08,2029-06-30,12115.64,GBXX87556728212886,HBYZ06150,69LTD9932Z2,"Deborah Hicks holds a Vehicle insurance with policy number 1001523. It was issued on 2025-02-08 and is valid till 2029-06-30. The premium is ₹12115.64. IFSC: HBYZ06150, GST: 69LTD9932Z2."
INS-711670,Andre Phillips,1996-12-30,9999385,Home,2022-03-02,2026-12-01,40646.87,OLLB67447673482748,PLLZ02304,90GROUP8711Z1,"Andre Phillips holds a Home insurance with policy number 9999385. It was issued on 2022-03-02 and is valid till 2026-12-01. The premium is ₹40646.87. IFSC: PLLZ02304, GST: 90GROUP8711Z1."
INS-331653,Daniel Bolton,1972-10-02,1028904,Health,2024-12-03,2028-05-09,26022.0,FKNL66393723661996,ECPP04185,77LTD7442Z4,"Daniel Bolton holds a Health insurance with policy number 1028904. It was issued on 2024-12-03 and is valid till 2028-05-09. The premium is ₹26022.0. IFSC: ECPP04185, GST: 77LTD7442Z4."
INS-186916,Lori Christian,1968-01-14,8785422,Health,2021-02-15,2022-04-26,24437.01,JJAD60552624807467,NJZK07497,46AND S7088Z9,"Lori Christian holds a Health insurance with policy number 8785422. It was issued on 2021-02-15 and is valid till 2022-04-26. The premium is ₹24437.01. IFSC: NJZK07497, GST: 46AND S7088Z9."
INS-740645,Kara Kelly,1978-07-01,7669827,Home,2022-09-30,2027-07-09,46645.3,NQRA33062410450057,VTQL06139,26LTD9836Z2,"Kara Kelly holds a Home insurance with policy number 7669827. It was issued on 2022-09-30 and is valid till 2027-07-09. The premium is ₹46645.3. IFSC: VTQL06139, GST: 26LTD9836Z2."
INS-830809,Jacqueline Mills,1989-09-25,6240491,Home,2020-11-07,2023-04-30,40498.74,FLOE58344026010265,RIJF03681,59LTD2472Z6,"Jacqueline Mills holds a Home insurance with policy number 6240491. It was issued on 2020-11-07 and is valid till 2023-04-30. The premium is ₹40498.74. IFSC: RIJF03681, GST: 59LTD2472Z6."
INS-314205,Suzanne Cline,1990-04-14,2809149,Travel,2020-12-12,2023-10-28,36056.35,LMWX58439772552714,NNNU07329,67AND S9871Z6,"Suzanne Cline holds a Travel insurance with policy number 2809149. It was issued on 2020-12-12 and is valid till 2023-10-28. The premium is ₹36056.35. IFSC: NNNU07329, GST: 67AND S9871Z6."
INS-586453,Nicholas Vincent,1963-02-24,7116176,Health,2023-01-19,2025-04-28,20730.93,JOFZ97647012221100,GZUI05711,46LLC9458Z4,"Nicholas Vincent holds a Health insurance with policy number 7116176. It was issued on 2023-01-19 and is valid till 2025-04-28. The premium is ₹20730.93. IFSC: GZUI05711, GST: 46LLC9458Z4."
INS-123706,Madison Kelley,1994-10-25,3330183,Home,2021-08-13,2023-03-15,24052.97,WEFU88794896235255,KRAQ06572,79INC6921Z4,"Madison Kelley holds a Home insurance with policy number 3330183. It was issued on 2021-08-13 and is valid till 2023-03-15. The premium is ₹24052.97. IFSC: KRAQ06572, GST: 79INC6921Z4."
INS-886218,James Herrera,2002-05-10,7296683,Health,2021-12-07,2025-07-21,38387.66,FUNM05886454772991,CTCO02976,27PLC8341Z3,"James Herrera holds a Health insurance with policy number 7296683. It was issued on 2021-12-07 and is valid till 2025-07-21. The premium is ₹38387.66. IFSC: CTCO02976, GST: 27PLC8341Z3."
INS-119690,Sarah Robinson MD,1990-11-18,4516096,Life,2024-09-16,2027-05-21,7290.96,HYQF63372008545167,YXWK01027,83INC9274Z9,"Sarah Robinson MD holds a Life insurance with policy number 4516096. It was issued on 2024-09-16 and is valid till 2027-05-21. The premium is ₹7290.96. IFSC: YXWK01027, GST: 83INC9274Z9."
INS-102345,Mary Anderson,1996-07-19,2018917,Life,2024-01-31,2027-07-18,4863.93,SCAU08033457751844,XKGR08228,88PLC3548Z6,"Mary Anderson holds a Life insurance with policy number 2018917. It was issued on 2024-01-31 and is valid till 2027-07-18. The premium is ₹4863.93. IFSC: XKGR08228, GST: 88PLC3548Z6."
INS-571676,Maurice White,1982-07-01,6760015,Health,2021-04-15,2025-04-18,6394.27,UKCE03690493068719,AZPV01257,25PLC5722Z1,"Maurice White holds a Health insurance with policy number 6760015. It was issued on 2021-04-15 and is valid till 2025-04-18. The premium is ₹6394.27. IFSC: AZPV01257, GST: 25PLC5722Z1."
INS-958861,Stephen Morrison,1974-07-21,1886801,Health,2023-07-12,2028-04-01,35448.25,EOYA93573905055271,GAEM02103,60LLC9380Z8,"Stephen Morrison holds a Health insurance with policy number 1886801. It was issued on 2023-07-12 and is valid till 2028-04-01. The premium is ₹35448.25. IFSC: GAEM02103, GST: 60LLC9380Z8."
INS-152116,Emily Johnson,1997-03-10,1316297,Life,2023-10-29,2027-06-20,19312.66,HUVR88197488345886,RCLM09959,85LLC1716Z1,"Emily Johnson holds a Life insurance with policy number 1316297. It was issued on 2023-10-29 and is valid till 2027-06-20. The premium is ₹19312.66. IFSC: RCLM09959, GST: 85LLC1716Z1."
INS-594939,Deborah Phillips,1991-07-18,2890225,Health,2023-10-21,2027-05-06,37214.16,DYTO81771396175992,YNTS03271,30AND S5605Z9,"Deborah Phillips holds a Health insurance with policy number 2890225. It was issued on 2023-10-21 and is valid till 2027-05-06. The premium is ₹37214.16. IFSC: YNTS03271, GST: 30AND S5605Z9."
INS-818783,Melissa Bond,1965-01-08,8185975,Life,2021-04-08,2024-07-04,41970.24,SQPW40286519067179,AXRN02817,75AND S4061Z9,"Melissa Bond holds a Life insurance with policy number 8185975. It was issued on 2021-04-08 and is valid till 2024-07-04. The premium is ₹41970.24. IFSC: AXRN02817, GST: 75AND S4061Z9."
INS-822313,Michelle Cole,1988-05-09,6762978,Home,2024-01-27,2028-08-05,33036.08,JOCS10422529778664,JKNW01303,70LTD1221Z2,"Michelle Cole holds a Home insurance with policy number 6762978. It was issued on 2024-01-27 and is valid till 2028-08-05. The premium is ₹33036.08. IFSC: JKNW01303, GST: 70LTD1221Z2."
INS-268476,Elizabeth Hoffman,1973-07-21,8240001,Health,2020-07-07,2024-01-19,47602.66,QRCT95164803748852,KWDJ02652,25GROUP9428Z7,"Elizabeth Hoffman holds a Health insurance with policy number 8240001. It was issued on 2020-07-07 and is valid till 2024-01-19. The premium is ₹47602.66. IFSC: KWDJ02652, GST: 25GROUP9428Z7."
INS-518433,Joseph Finley,1955-01-21,8441228,Home,2021-10-02,2023-12-05,40486.51,YCBD36591196627637,VVAY06798,39INC2910Z9,"Joseph Finley holds a Home insurance with policy number 8441228. It was issued on 2021-10-02 and is valid till 2023-12-05. The premium is ₹40486.51. IFSC: VVAY06798, GST: 39INC2910Z9."
INS-628996,Kimberly Garcia DDS,1963-11-24,7995718,Travel,2022-12-22,2025-03-25,34558.23,ALJE19721563841741,JPRO02610,58INC5228Z4,"Kimberly Garcia DDS holds a Travel insurance with policy number 7995718. It was issued on 2022-12-22 and is valid till 2025-03-25. The premium is ₹34558.23. IFSC: JPRO02610, GST: 58INC5228Z4."
INS-464165,Rick Moyer,2002-10-06,5516178,Vehicle,2022-07-16,2023-12-21,49852.17,KTVJ36494418329437,YTEF01539,86INC1894Z5,"Rick Moyer holds a Vehicle insurance with policy number 5516178. It was issued on 2022-07-16 and is valid till 2023-12-21. The premium is ₹49852.17. IFSC: YTEF01539, GST: 86INC1894Z5."
INS-160137,Melinda Ray,1981-10-25,4046548,Travel,2022-02-05,2026-06-02,47851.48,EQLA72371835170831,ZRIK04793,81LTD6089Z8,"Melinda Ray holds a Travel insurance with policy number 4046548. It was issued on 2022-02-05 and is valid till 2026-06-02. The premium is ₹47851.48. IFSC: ZRIK04793, GST: 81LTD6089Z8."
INS-262689,James Klein,1996-03-25,5880124,Life,2021-07-09,2022-09-21,19424.2,NBUF53169303997645,YNJT06004,53INC8586Z8,"James Klein holds a Life insurance with policy number 5880124. It was issued on 2021-07-09 and is valid till 2022-09-21. The premium is ₹19424.2. IFSC: YNJT06004, GST: 53INC8586Z8."
INS-619462,Nicole Collins,1974-07-28,3686689,Vehicle,2021-08-11,2024-12-18,17220.52,ZZSW27350722833683,UYJK01426,73LTD7563Z8,"Nicole Collins holds a Vehicle insurance with policy number 3686689. It was issued on 2021-08-11 and is valid till 2024-12-18. The premium is ₹17220.52. IFSC: UYJK01426, GST: 73LTD7563Z8."
INS-425819,Tyrone Webb,1964-06-11,5429903,Travel,2022-10-30,2025-12-01,5986.3,EZHM75560443340902,KFCS02609,58AND S9016Z8,"Tyrone Webb holds a Travel insurance with policy number 5429903. It was issued on 2022-10-30 and is valid till 2025-12-01. The premium is ₹5986.3. IFSC: KFCS02609, GST: 58AND S9016Z8."
INS-722288,Kristine Walter,1962-12-13,9758193,Life,2021-09-18,2022-10-21,11269.2,MLIJ08336191549038,CZGU03273,82AND S7208Z7,"Kristine Walter holds a Life insurance with policy number 9758193. It was issued on 2021-09-18 and is valid till 2022-10-21. The premium is ₹11269.2. IFSC: CZGU03273, GST: 82AND S7208Z7."
INS-844505,Lucas Cross,1970-02-23,6204883,Health,2020-10-05,2022-09-06,26087.67,WEKJ65613482600640,MKMX01119,27LLC5832Z2,"Lucas Cross holds a Health insurance with policy number 6204883. It was issued on 2020-10-05 and is valid till 2022-09-06. The premium is ₹26087.67. IFSC: MKMX01119, GST: 27LLC5832Z2."
